,freq,MAP,expected_Cnet_dynfb,a,b,c
0,0.1,500,2.7201496105043242e-05,0.17213671108587053,0.6484634676437393,-0.4997123962662081
1,0.15000000000000002,500,2.8921576271632216e-05,0.24544101154293596,0.7413894935869249,-0.3031928090562903
2,0.20000000000000004,500,3.0174939081859986e-05,0.24544101154293596,0.7413894935869249,-0.3031928090562903
3,0.25000000000000006,500,3.1044292071512554e-05,0.23434090481119788,0.5826220449613049,-0.35139071311217085
4,0.30000000000000004,500,3.14562882156788e-05,0.22599974572642656,0.8339397929042223,-0.19307354183904069
5,0.3500000000000001,500,3.1759775702352576e-05,0.24544101154293596,0.7413894935869249,-0.3031928090562903
6,0.40000000000000013,500,3.200314672604069e-05,0.24544101154293596,0.7413894935869249,-0.3031928090562903
7,0.45000000000000007,500,3.2182623359155775e-05,0.24544101154293596,0.7413894935869249,-0.3031928090562903
8,0.1,600,2.8240013855714885e-05,0.21879562772966857,0.633411569160561,-0.19507902981797598
9,0.15000000000000002,600,2.990831786857702e-05,0.24544101154293596,0.7413894935869249,-0.3031928090562903
10,0.20000000000000004,600,3.109062986824628e-05,0.24544101154293596,0.7413894935869249,-0.3031928090562903
11,0.25000000000000006,600,3.1756478886932434e-05,0.24544101154293596,0.7413894935869249,-0.3031928090562903
12,0.30000000000000004,600,3.216040970846726e-05,0.24544101154293596,0.7413894935869249,-0.3031928090562903
13,0.3500000000000001,600,3.2460815142678865e-05,0.2735855397321342,0.5418822984592616,-0.3236807398110899
14,0.40000000000000013,600,3.259100618971284e-05,0.24544101154293596,0.7413894935869249,-0.3031928090562903
15,0.45000000000000007,600,3.276905610878407e-05,0.32015315010585266,0.48011993323641056,-0.11956334988845163
16,0.1,700,2.8221940074119724e-05,0.24544101154293596,0.7413894935869249,-0.3031928090562903
17,0.15000000000000002,700,3.06552746295757e-05,0.24005418860244077,0.5798039093253873,-0.24622317065322785
18,0.20000000000000004,700,3.1604187741746483e-05,0.24544101154293596,0.7413894935869249,-0.3031928090562903
19,0.25000000000000006,700,3.219456556844492e-05,0.25606917848878374,0.7482521290646525,-0.2876660001369379
20,0.30000000000000004,700,3.250333374398006e-05,0.24544101154293596,0.7413894935869249,-0.3031928090562903
21,0.3500000000000001,700,3.277836796887421e-05,0.25606917848878374,0.7482521290646525,-0.2876660001369379
22,0.40000000000000013,700,3.291923712523042e-05,0.25606917848878374,0.7482521290646525,-0.2876660001369379
23,0.45000000000000007,700,3.303645491919979e-05,0.2908480656272221,0.5004179726713736,-0.15642669345487414
24,0.1,800,2.9002820407257657e-05,0.24818731119291826,0.6790797363711125,-0.1281163392405037
25,0.15000000000000002,800,3.091343406464189e-05,0.24544101154293596,0.7413894935869249,-0.3031928090562903
26,0.20000000000000004,800,3.1916463766946535e-05,0.24544101154293596,0.7413894935869249,-0.3031928090562903
27,0.25000000000000006,800,3.241522294773435e-05,0.24544101154293596,0.7413894935869249,-0.3031928090562903
28,0.30000000000000004,800,3.268132809099141e-05,0.24544101154293596,0.7413894935869249,-0.3031928090562903
29,0.3500000000000001,800,3.288682827289049e-05,0.27853647138546994,0.9442440330969334,-0.29427965272275525
30,0.40000000000000013,800,3.2987849681233136e-05,0.2738942754568203,0.47534151422529336,-0.24902930676216628
31,0.45000000000000007,800,3.302478293344911e-05,0.26912489302178616,1.6669753615698566,-0.739465498815101
32,0.1,900,2.9167240990456388e-05,0.24790085035084639,0.6236628620279018,-0.2817617895666502
33,0.15000000000000002,900,3.1190542581313996e-05,0.24544101154293596,0.7413894935869249,-0.3031928090562903
34,0.20000000000000004,900,3.2178309045820384e-05,0.2630849644757902,0.6059046750032038,-0.23899818090277247
35,0.25000000000000006,900,3.255988155463333e-05,0.24544101154293596,0.7413894935869249,-0.3031928090562903
36,0.30000000000000004,900,3.288853817239405e-05,0.2537321810608078,0.9580159752517251,-0.34017413224866555
37,0.3500000000000001,900,3.2971616099419006e-05,0.2738942754568203,0.47534151422529336,-0.24902930676216628
38,0.40000000000000013,900,3.303384813758295e-05,0.2552836293349377,8.645474069789488,-0.6577669252009529
39,0.45000000000000007,900,3.308776366968105e-05,0.2696324704810196,8.470352026333993,-0.8706497562290247
40,0.1,1000,2.936932093384954e-05,0.25543865694325263,0.5192106857817108,-0.3329227830591782
41,0.15000000000000002,1000,3.139196484769546e-05,0.24544101154293596,0.7413894935869249,-0.3031928090562903
42,0.20000000000000004,1000,3.2305019224331785e-05,0.25606917848878374,0.7482521290646525,-0.2876660001369379
43,0.25000000000000006,1000,3.2737569055653044e-05,0.26501544356274626,0.9690036658569285,-0.1468320147627915
44,0.30000000000000004,1000,3.29109641539206e-05,0.2738942754568203,0.47534151422529336,-0.24902930676216628
45,0.3500000000000001,1000,3.298834113256761e-05,0.2552836293349377,8.645474069789488,-0.6577669252009529
46,0.40000000000000013,1000,3.3219808414665445e-05,0.26150428500076267,1.5668690828731955,-0.26804404806541504
47,0.45000000000000007,1000,3.329296311637609e-05,0.28261874864743375,0.6141217176931488,-0.21496177981674347
48,0.1,1100,2.9505196462969085e-05,0.2647044014944236,0.6917515760038353,-0.18590477202870426
49,0.15000000000000002,1100,3.154381233772586e-05,0.24544101154293596,0.7413894935869249,-0.3031928090562903
50,0.20000000000000004,1100,3.236116297323123e-05,0.24544101154293596,0.7413894935869249,-0.3031928090562903
51,0.25000000000000006,1100,3.272001114890199e-05,0.24544101154293596,0.7413894935869249,-0.3031928090562903
52,0.30000000000000004,1100,3.289311322879164e-05,0.25625532704888293,3.511563390428774,-0.7797913721506355
53,0.3500000000000001,1100,3.300687040030892e-05,0.2696324704810196,8.470352026333993,-0.8706497562290247
54,0.40000000000000013,1100,3.323726959679895e-05,0.2580419466576204,1.5087084664377532,-0.4483443305173097
55,0.45000000000000007,1100,3.325653126070112e-05,0.2696324704810196,8.470352026333993,-0.8706497562290247
56,0.1,1200,2.9722841958571653e-05,0.21531670055636346,0.8873248562584485,-0.28497417037249995
57,0.15000000000000002,1200,3.166175554848324e-05,0.24544101154293596,0.7413894935869249,-0.3031928090562903
58,0.20000000000000004,1200,3.250608228736144e-05,0.25606917848878374,0.7482521290646525,-0.2876660001369379
59,0.25000000000000006,1200,3.282789351490655e-05,0.2738942754568203,0.47534151422529336,-0.24902930676216628
60,0.30000000000000004,1200,3.2946599417645754e-05,0.2552836293349377,8.645474069789488,-0.6577669252009529
61,0.3500000000000001,1200,3.319460188670132e-05,0.2580419466576204,1.5087084664377532,-0.4483443305173097
62,0.40000000000000013,1200,3.328921363057615e-05,0.29652069021392985,0.5796382551829761,-0.2711513789390566
63,0.45000000000000007,1200,3.33132291446973e-05,0.27815150049667814,1.5141531820281953,-0.19642413627841193
64,0.1,1300,2.980398812016944e-05,0.24544101154293596,0.7413894935869249,-0.3031928090562903
65,0.15000000000000002,1300,3.176494412572124e-05,0.3008792440376071,0.321167164632608,-0.2819903923685134
66,0.20000000000000004,1300,3.249522633415157e-05,0.24544101154293596,0.7413894935869249,-0.3031928090562903
67,0.25000000000000006,1300,3.2978381453116274e-05,0.27633801543778186,0.5924879714834436,-0.2594892952621033
68,0.30000000000000004,1300,3.294163281367524e-05,0.24544101154293596,0.7413894935869249,-0.3031928090562903
69,0.3500000000000001,1300,3.325103308640222e-05,0.26922706496518933,1.1673909551842991,-0.13248570489849076
70,0.40000000000000013,1300,3.3312026427523075e-05,0.2690359366587122,1.518772478467877,-0.21263644432615647
71,0.45000000000000007,1300,3.3321770594784755e-05,0.2750040980309106,1.3975975243658152,-0.8914623706198872
72,0.1,1400,2.9918285884650175e-05,0.24544101154293596,0.7413894935869249,-0.3031928090562903
73,0.15000000000000002,1400,3.1836614717669526e-05,0.27787486300457864,0.5788550125365625,-0.288672543384916
74,0.20000000000000004,1400,3.260325644164253e-05,0.2537321810608078,0.9580159752517251,-0.34017413224866555
75,0.25000000000000006,1400,3.297950641790976e-05,0.280026357627791,0.8814763974087312,-0.1992409543834851
76,0.30000000000000004,1400,3.300737942575388e-05,0.297897708874977,0.89295099477288,-0.21732927743273245
77,0.3500000000000001,1400,3.326781925112534e-05,0.29652069021392985,0.5796382551829761,-0.2711513789390566
78,0.40000000000000013,1400,3.3302279932949265e-05,0.27815150049667814,1.5141531820281953,-0.19642413627841193
79,0.45000000000000007,1400,3.333575300885295e-05,0.2750040980309106,1.3975975243658152,-0.8914623706198872
80,0.1,1500,3.008693577953688e-05,0.23434090481119788,0.5826220449613049,-0.35139071311217085
81,0.15000000000000002,1500,3.189509560843192e-05,0.24544101154293596,0.7413894935869249,-0.3031928090562903
82,0.20000000000000004,1500,3.257875898067373e-05,0.24544101154293596,0.7413894935869249,-0.3031928090562903
83,0.25000000000000006,1500,3.294226854438775e-05,0.3066156819878962,0.5608262522989028,-0.2988467615646848
84,0.30000000000000004,1500,3.316154597436239e-05,0.2580419466576204,1.5087084664377532,-0.4483443305173097
85,0.3500000000000001,1500,3.321177663553325e-05,0.2696324704810196,8.470352026333993,-0.8706497562290247
86,0.40000000000000013,1500,3.330597873827881e-05,0.2750040980309106,1.3975975243658152,-0.8914623706198872
87,0.45000000000000007,1500,3.334319081366596e-05,0.2696324704810196,8.470352026333993,-0.8706497562290247
88,0.1,1600,3.0159244159214226e-05,0.23434090481119788,0.5826220449613049,-0.35139071311217085
89,0.15000000000000002,1600,3.197576177815403e-05,0.25606917848878374,0.7482521290646525,-0.2876660001369379
90,0.20000000000000004,1600,3.260947550920984e-05,0.24544101154293596,0.7413894935869249,-0.3031928090562903
91,0.25000000000000006,1600,3.2895830382472435e-05,0.25625532704888293,3.511563390428774,-0.7797913721506355
92,0.30000000000000004,1600,3.308011097965309e-05,0.2696324704810196,8.470352026333993,-0.8706497562290247
93,0.3500000000000001,1600,3.3240073711958636e-05,0.25908787890491974,7.540649110625606,-0.5610219855716094
94,0.40000000000000013,1600,3.331796159498913e-05,0.2750040980309106,1.3975975243658152,-0.8914623706198872
95,0.45000000000000007,1600,3.3351398363674025e-05,0.2696324704810196,8.470352026333993,-0.8706497562290247
96,0.1,1700,3.0169944724227103e-05,0.24544101154293596,0.7413894935869249,-0.3031928090562903
97,0.15000000000000002,1700,3.2028759861628065e-05,0.27787486300457864,0.5788550125365625,-0.288672543384916
98,0.20000000000000004,1700,3.263513803129409e-05,0.24544101154293596,0.7413894935869249,-0.3031928090562903
99,0.25000000000000006,1700,3.289972102486877e-05,0.2552836293349377,8.645474069789488,-0.6577669252009529
100,0.30000000000000004,1700,3.322182603264184e-05,0.26922706496518933,1.1673909551842991,-0.13248570489849076
101,0.3500000000000001,1700,3.328000356843349e-05,0.27815150049667814,1.5141531820281953,-0.19642413627841193
102,0.40000000000000013,1700,3.3327195395718283e-05,0.2750040980309106,1.3975975243658152,-0.8914623706198872
103,0.45000000000000007,1700,3.335760496040919e-05,0.2696324704810196,8.470352026333993,-0.8706497562290247
104,0.1,1800,3.0232790020913652e-05,0.24544101154293596,0.7413894935869249,-0.3031928090562903
105,0.15000000000000002,1800,3.2100041009285324e-05,0.3069116170970861,0.3649973573004135,-0.18289057695174527
106,0.20000000000000004,1800,3.265686427293526e-05,0.24544101154293596,0.7413894935869249,-0.3031928090562903
107,0.25000000000000006,1800,3.289603271792455e-05,0.24544101154293596,0.7413894935869249,-0.3031928090562903
108,0.30000000000000004,1800,3.318546198741794e-05,0.2643037937510477,1.7367273494223783,-0.9461302658440265
109,0.3500000000000001,1800,3.328933987636037e-05,0.27815150049667814,1.5141531820281953,-0.19642413627841193
110,0.40000000000000013,1800,3.333447567504588e-05,0.2750040980309106,1.3975975243658152,-0.8914623706198872
111,0.45000000000000007,1800,3.3362420345641016e-05,0.2696324704810196,8.470352026333993,-0.8706497562290247
112,0.1,1900,3.0288184126010034e-05,0.24544101154293596,0.7413894935869249,-0.3031928090562903
113,0.15000000000000002,1900,3.20655802665132e-05,0.24544101154293596,0.7413894935869249,-0.3031928090562903
114,0.20000000000000004,1900,3.267547172077823e-05,0.24544101154293596,0.7413894935869249,-0.3031928090562903
115,0.25000000000000006,1900,3.292461942766949e-05,0.297897708874977,0.89295099477288,-0.21732927743273245
116,0.30000000000000004,1900,3.3167431251455346e-05,0.2593359248582151,8.613009751427079,-0.7058132504225139
117,0.3500000000000001,1900,3.328793422048459e-05,0.2750040980309106,1.3975975243658152,-0.8914623706198872
118,0.40000000000000013,1900,3.3336964907623705e-05,0.2696324704810196,8.470352026333993,-0.8706497562290247
119,0.45000000000000007,1900,3.336623905519632e-05,0.2696324704810196,8.470352026333993,-0.8706497562290247
120,0.1,2000,3.033736498408683e-05,0.24544101154293596,0.7413894935869249,-0.3031928090562903
121,0.15000000000000002,2000,3.209507278868318e-05,0.24544101154293596,0.7413894935869249,-0.3031928090562903
122,0.20000000000000004,2000,3.26915705086443e-05,0.24544101154293596,0.7413894935869249,-0.3031928090562903
123,0.25000000000000006,2000,3.2941972553327025e-05,0.297897708874977,0.89295099477288,-0.21732927743273245
124,0.30000000000000004,2000,3.31887731757589e-05,0.25908787890491974,7.540649110625606,-0.5610219855716094
125,0.3500000000000001,2000,3.3296261717072494e-05,0.2750040980309106,1.3975975243658152,-0.8914623706198872
126,0.40000000000000013,2000,3.334233252163148e-05,0.2696324704810196,8.470352026333993,-0.8706497562290247
127,0.45000000000000007,2000,3.3369324983800875e-05,0.2696324704810196,8.470352026333993,-0.8706497562290247
